https://news.wiseeyesent.com/tag/weesnake,/categories/weesnake/
https://news.wiseeyesent.com/2012/07/z-announce/,https://news.wiseeyesent.com/posts/2012/07/z-announce.html
https://news.wiseeyesent.com/2015/02/wee-com-mobile-friendly/,https://news.wiseeyesent.com/posts/2015/02/wee-com-mobile-friendly.html
https://news.wiseeyesent.com/tag/thepit,/categories/thepit/
https://news.wiseeyesent.com/tag/website,/categories/website/
https://news.wiseeyesent.com/tag/devry,/categories/devry/
https://news.wiseeyesent.com/tag/weeup,/categories/weeup/
https://news.wiseeyesent.com/2016/03/old-boy-t-optimized/,https://news.wiseeyesent.com/posts/2016/03/old-boy-t-optimized.html
https://news.wiseeyesent.com/2012/11/zed-forum/,https://news.wiseeyesent.com/posts/2012/11/zed-forum.html
https://news.wiseeyesent.com/2012/06/new-releases/,https://news.wiseeyesent.com/posts/2012/06/new-releases.html
https://news.wiseeyesent.com/2014/11/new-wees2/,https://news.wiseeyesent.com/posts/2014/11/new-wees2.html
https://news.wiseeyesent.com/2012/04/new-website-now-available/,https://news.wiseeyesent.com/posts/2012/04/new-website-now-available.html
https://news.wiseeyesent.com/2012/08/weesnake1-2/,https://news.wiseeyesent.com/posts/2012/08/weesnake1-2.html
https://news.wiseeyesent.com/links/,https://news.wiseeyesent.com/pages/links.html
https://news.wiseeyesent.com/2014/11/misc-updates/,https://news.wiseeyesent.com/posts/2014/11/misc-updates.html
https://news.wiseeyesent.com/2012/10/website-face-lift/,https://news.wiseeyesent.com/posts/2012/10/website-face-lift.html
https://news.wiseeyesent.com/tag/private,/categories/private/
https://news.wiseeyesent.com/2015/02/games-update/,https://news.wiseeyesent.com/posts/2015/02/games-update.html
https://news.wiseeyesent.com/2014/04/java-echo-server/,https://news.wiseeyesent.com/posts/2014/04/java-echo-server.html
https://news.wiseeyesent.com/projects/,https://news.wiseeyesent.com/pages/projects.html
https://news.wiseeyesent.com/2015/01/weeching-return/,https://news.wiseeyesent.com/posts/2015/01/weeching-return.html
https://news.wiseeyesent.com/about-wee/,https://news.wiseeyesent.com/pages/about-wee.html
https://news.wiseeyesent.com/2015/11/recovery/,https://news.wiseeyesent.com/posts/2015/11/recovery.html
https://news.wiseeyesent.com/tag/level-design,/categories/level-design/
https://news.wiseeyesent.com/2012/04/now-with-spam-block/,https://news.wiseeyesent.com/posts/2012/04/now-with-spam-block.html
https://news.wiseeyesent.com/2014/01/the-pit-walkthrough/,https://news.wiseeyesent.com/posts/2014/01/the-pit-walkthrough.html
https://news.wiseeyesent.com/tag/main,/categories/main/
https://news.wiseeyesent.com/2013/07/weeching/,https://news.wiseeyesent.com/posts/2013/07/weeching.html
https://news.wiseeyesent.com/2012/08/project-zed-update/,https://news.wiseeyesent.com/posts/2012/08/project-zed-update.html
https://news.wiseeyesent.com/tag/updates,/categories/updates/
https://news.wiseeyesent.com/tag/games,/categories/games/
https://news.wiseeyesent.com/2014/10/weeching-down/,https://news.wiseeyesent.com/posts/2014/10/weeching-down.html
https://news.wiseeyesent.com/tag/2012,/categories/2012/
https://news.wiseeyesent.com/projects/z/,https://news.wiseeyesent.com/pages/projects/z.html
https://news.wiseeyesent.com/about-jacwest/,https://news.wiseeyesent.com/pages/about-jacwest.html
https://news.wiseeyesent.com/recs/,https://news.wiseeyesent.com/pages/recs.html
https://news.wiseeyesent.com/2013/03/snr-proj-grad/,https://news.wiseeyesent.com/posts/2013/03/snr-proj-grad.html
https://news.wiseeyesent.com/tag/draft,/categories/draft/
https://news.wiseeyesent.com/tag/weeching,/categories/weeching/
https://news.wiseeyesent.com/tag/projects,/categories/projects/
https://news.wiseeyesent.com/projects/wees2/,https://news.wiseeyesent.com/pages/projects/wees2.html
https://news.wiseeyesent.com/tag/oldboyt,/categories/oldboyt/
https://news.wiseeyesent.com/2012/11/gsp475/,https://news.wiseeyesent.com/posts/2012/11/gsp475.html
https://news.wiseeyesent.com/pricing/,https://news.wiseeyesent.com/pages/pricing.html
https://news.wiseeyesent.com/tag/outage,/categories/outage/
https://news.wiseeyesent.com/?page_id=50,https://news.wiseeyesent.com/pages/50.html
https://news.wiseeyesent.com/2015/01/space/,https://news.wiseeyesent.com/posts/2015/01/space.html
https://news.wiseeyesent.com/2015/01/wee-com-mkiii-now-optimized/,https://news.wiseeyesent.com/posts/2015/01/wee-com-mkiii-now-optimized.html
https://news.wiseeyesent.com/2014/06/weeup_0-5/,https://news.wiseeyesent.com/posts/2014/06/weeup_0-5.html
https://news.wiseeyesent.com/2014/04/java-threadtest/,https://news.wiseeyesent.com/posts/2014/04/java-threadtest.html
https://news.wiseeyesent.com/tag/udk,/categories/udk/
https://news.wiseeyesent.com/2015/01/thonk-org-live/,https://news.wiseeyesent.com/posts/2015/01/thonk-org-live.html
https://news.wiseeyesent.com/tag/java,/categories/java/
https://news.wiseeyesent.com/2013/09/weemonster/,https://news.wiseeyesent.com/posts/2013/09/weemonster.html
https://news.wiseeyesent.com/tag/announcements,/categories/announcements/
https://news.wiseeyesent.com/contact/,https://news.wiseeyesent.com/pages/contact.html
